{
  "project_info": {
    "project_number": "480544782760",
    "project_id": "twilight-ex-music-app",
    "storage_bucket": "twilight-ex-music-app.appspot.com"
  },
  "client": [
    {
      "client_info": {
        "mobilesdk_app_id": "1:480544782760:android:2fe9c2c138d5a00ecdc59d",
        "android_client_info": {
          "package_name": "com.example.music"
        }
      },
      "oauth_client": [
        {
          "client_id": "480544782760-2mroi5j2ev3c4br84mq0029lsk91a6ua.apps.googleusercontent.com",
          "client_type": 3
        }
      ],
      "api_key": [
        {
          "current_key": "AIzaSyCKno7YCsWdjTW9HjfhdYW_9SnCcUu05MY"
        }
      ],
      "services": {
        "appinvite_service": {
          "other_platform_oauth_client": [
            {
              "client_id": "480544782760-2mroi5j2ev3c4br84mq0029lsk91a6ua.apps.googleusercontent.com",
              "client_type": 3
            }
          ]
        }
      }
    }
  ],
  "configuration_version": "1"
}